<?xml version="1.0"?>
<!DOCTYPE modification SYSTEM "http://www.simplemachines.org/xml/modification">
<modification xmlns="http://www.simplemachines.org/xml/modification" xmlns:smf="http://www.simplemachines.org/">
    <id>TapatalkSMFPlugin:TapatalkDevelopmentTeam</id>
    <file name="$sourcedir/Subs.php">
        <operation>
            <search position="replace"><![CDATA[function obExit($header = null, $do_footer = null, $from_index = false, $from_fatal_error = false)
{
	global $context, $settings, $modSettings, $txt, $smcFunc;]]></search>
            <add><![CDATA[function obExit($header = null, $do_footer = null, $from_index = false, $from_fatal_error = false)
{
	global $context, $settings, $modSettings, $txt, $smcFunc, $boarddir;]]></add>
        </operation>
        <operation>
            <search position="before"><![CDATA[	if ($do_header)
	{
		// Was the page title set last minute? Also update the HTML safe one.
		if (!empty($context['page_title']) && empty($context['page_title_html_safe']))
			$context['page_title_html_safe'] = $smcFunc['htmlspecialchars'](un_htmlspecialchars($context['page_title']));]]></search>
            <add><![CDATA[
		//tapatalk add
		include_once($boarddir.'/mobiquo/smartbanner.php');
]]></add>
        </operation>
        <operation>
            <search position="after"><![CDATA[// Cache the output if it took some time...]]></search>
            <add>
              <![CDATA[// Parse tapatalk emojis.
	$message = preg_replace('/\[emoji(\d+)\]/i', '<img src="https://emoji.tapatalk-cdn.com/emoji$1.png" />', $message);
	$message = preg_replace('#<a [^>]*?href="https?://(www\.)?vimeo\.com/(\d+)"[^>]*?>[^>]*?</a>#si', '<iframe src="https://player.vimeo.com/video/$2" width="500" height="300" frameborder="0"></iframe>', $message);

	]]></add>
        </operation>
    </file>
    <file name="$sourcedir/Post.php">
        <operation>
            <search position="replace"><![CDATA[			// Only send it to everyone if the topic is approved, otherwise just to the topic starter if they want it.
			if ($topic_info['approved'])
				sendNotifications($topic, 'reply');]]></search>
            <add>
          <![CDATA[			// Only send it to everyone if the topic is approved, otherwise just to the topic starter if they want it.
            	//tapatalk add
			if ($topic_info['approved'])
			{
				sendNotifications($topic, 'reply');
				global $boarddir;
				if (function_exists('tapatalk_push_reply'))
					tapatalk_push_reply($msgOptions['id']);
				else if(file_exists($boarddir . '/mobiquo/push_hook.php'))
				{
					include_once($boarddir . '/mobiquo/push_hook.php');
					tapatalk_push_reply($msgOptions['id']);
				}
			}]]></add>
        </operation>
        <operation>
            <search position="replace"><![CDATA[			notifyMembersBoard($notifyData);]]></search>
            <add>
              <![CDATA[			notifyMembersBoard($notifyData);
            	//tapatalk add
			global $boarddir;
			if (function_exists('tapatalk_push_new_topic'))
				tapatalk_push_new_topic($msgOptions['id']);
			else if(file_exists($boarddir . '/mobiquo/push_hook.php'))
			{
				include_once($boarddir . '/mobiquo/push_hook.php');
				tapatalk_push_new_topic($msgOptions['id']);
			}]]></add>
        </operation>
    </file>
 <!--<file name="$sourcedir/QueryString.php">
		<operation>
			<search position="after"><![CDATA[
	// Return the changed buffer.
]]></search>
			<add><![CDATA[
//tapatalk add
	$buffer = preg_replace('@<link href="([^">]+)android-app:\/\/com.quoord\.tapatalkpro\.activity\/tapatalk@', '<link href="android-app://com.quoord.tapatalkpro.activity/tapatalk', $buffer);
	$buffer = preg_replace('@<link href="([^">]+)ios-app:\/\/307880732\/tapatalk@', '<link href="ios-app://307880732/tapatalk', $buffer);
]]></add>
		</operation>
	</file>-->

  
    <file name="$sourcedir/PersonalMessage.php">
        <operation>
            <search position="replace"><![CDATA[	// If one or more of the recipient were invalid, go back to the post screen with the failed usernames.
	if (!empty($context['send_log']['failed']))]]></search>
            <add><![CDATA[	//Tapatalk pm push - start
	global $boarddir;
	if (function_exists('tapatalk_push_pm'))
		tapatalk_push_pm();
	else if(file_exists($boarddir . '/mobiquo/push_hook.php'))
	{
		include_once($boarddir . '/mobiquo/push_hook.php');
		tapatalk_push_pm();
	}
	//Tapatalk pm push - end
	// If one or more of the recipient were invalid, go back to the post screen with the failed usernames.
	if (!empty($context['send_log']['failed']))]]></add>
        </operation>
    </file>
    <file name="$sourcedir/Notify.php">
        <operation>
            <search position="before"><![CDATA[// Attempt to turn notifications on.
		$smcFunc['db_insert']('ignore',
			'{db_prefix}log_notify',
			array('id_member' => 'int', 'id_topic' => 'int'),
			array($user_info['id'], $topic),
			array('id_member', 'id_topic')
		);]]></search>
            <add><![CDATA[
		global $boarddir;
		if (function_exists('tapatalk_push_subscirbe')){
			tapatalk_push_subscirbe($topic);
		} else if (file_exists($boarddir . '/mobiquo/push_hook.php'))
		{
			include($boarddir . '/mobiquo/push_hook.php');
			tapatalk_push_subscirbe($topic);
		}]]></add>
        </operation>
    </file>

    <file name="$themedir/languages/Admin.english.php">
        <operation>
            <search position="after"><![CDATA[?>]]></search>
            <add><![CDATA[//Tapatalk
$txt['tapatalktitle'] = 'Tapatalk Settings';
$txt['tp_general_settings'] = 'General';
$txt['tp_other_settings'] = 'Others';
$txt['tp_board_settings'] = 'Boards';
$txt['tp_iar_settings'] = 'In App Registration';
$txt['tp_rebranding_settings'] = 'Rebranding Settings';]]></add>
        </operation>
    </file>
    <file name="$themedir/languages/ManageSettings.english.php">
        <operation>
            <search position="after"><![CDATA[?>]]></search>
            <add>
  <![CDATA[
//Tapatalk
$txt['tapatalktitle'] = 'Tapatalk Settings';
$txt['tp_tapatalkRegisterEnabled'] = 'In-app Registration';
$txt['tp_general_settings'] = 'General';
$txt['tp_board_settings'] = 'Boards';
$txt['tp_rebranding_settings'] = 'Tapatalk - Mobile App Deep Linking (BYO Branded App and Tapatalk)';
$txt['tp_other_settings'] = 'Help';
$txt['tp_parent_board'] = 'Boards1';
$txt['tp_child_board'] = 'Boards2';
$txt['tp_board_settingsDesc'] = 'Settings related to boards';
$txt['tp_general_settingsDesc'] = 'These are general settings for tapatalk';
$txt['tp_other_settingsDesc'] = 'Taptalk information';
$txt['tp_rebranding_settingsDesc'] = 'Settings for users who have built their own mobile forum application, try build your <a href="http://tapatalk.com/build.php"> <u>own application</u></a>?';
$txt['tp_select_boards'] = 'Select Boards to HIDE on Tapatalk';
$txt['tp_disable_newtopic'] = 'Disable New Topic For Boards';
$txt['tp_push_key'] = 'Tapatalk API Key';
$txt['tp_ads_disabled'] = 'Disable Ads for Group';
$txt['tp_push_notifications'] = 'Push Notifications';
//Tapatalk IAR
$txt['tp_iar_registration_options'] = 'In-App Registration';
$txt['tp_iar_usergroup_assignment'] = 'User Group Assignment';
$txt['tp_iar_spam_prevention'] = 'Spam Prevention';
$txt['tp_iar_settingsDesc'] = 'Settings related to In App Registration';
$txt['auto_approval_tp_user'] = 'Automatic approval for user registered from Tapatalk';
//Tapatalk BYO
$txt['tp_full_banner'] = 'Smart App Banner';
$txt['tp_google_indexing_enabled'] = 'Google App Indexing';
$txt['tp_facebook_indexing_enabled'] = 'Facebook';
$txt['tp_twitter_indexing_enabled'] = 'Twitter';

$txt['tp_custom_content_replacement'] = 'Thread Content Replacement(Advanced)';
$txt['taptalk_descp'] = '<strong>Tapatalk for SMF Plugin</strong></br><br>
For SMF 2.0 RC5/Final, <a href = "http://www.tapatalk.com">http://www.tapatalk.com</a></br>
For more remote settings, please check <a style="color:red;" href = "http://tapatalk.com/landing.php"><u>here</u></a>.<br><br>
<b>What is Tapatalk?</b></br>
Tapatalk is a forum app for iPhone/iPad, Android, BlackBerry, Windows Phone and WebOS. The app provides super fast forum access to any vBulletin, IPBoard, phpBB, SMF, xenForo, MyBB and Kunena forums that have activated Tapatalk. Forum owner can download the free plug-in to activate Tapatalk in your forum.</br>

<b>What does this mod do?</b></br>
This mod enables your forum to be accessed by the Tapatalk app. The Tapatalk app can be downloaded from Apple iTune Store or from Google Android Market.</br>

<b>What next do I have to do?</b></br>
After installing this mod, head straight to <a href = "http://tapatalk.com/activate_tapatalk.php">http://tapatalk.com/activate_tapatalk.php</a> and register there. After registering you can enlist your forum into the Tapatalk network.</br>
</br>
Please manually change permission of all files under mobiquo/ folder (including the folder itself) to chmod 755 otherwise it won\'t work!!</br>
</br>
For more information please visit tapatalk.com</br>
<br>
Thank you! :)';

]]></add>
        </operation>
    </file>

    <file name="$themedir/languages/Help.english.php">
        <operation>
            <search position="after"><![CDATA[?>]]></search>
            <add>
  <![CDATA[
//Tapatalk start
$helptxt['tp_push_key'] = 'Optional. To improve the quality of Push Notification from your forum, please fill-in copy and paste the Push Notification Key from Tapatalk Forum Owner Area to here.';
$helptxt['tp_ads_disabled'] = 'This option will prevent Tapatalk from displaying advertisements. Users in the selected groups will not be served ads when using the Tapatalk app. Please enter a comma-separated group ID.';
$helptxt['tp_hide_boards'] = 'Hide forums you don\'t want them to be listed in Tapatalk app.';
$helptxt['tp_dsa_boards'] = 'Prevent Tapatalk users to create new topic in the selected sub-forums. This feature is useful if certain forums requires additional topic fields or permission that Tapatalk does not support.';
$helptxt['tp_custom_content_replacement'] = 'Ability to match and replace thread content using PHP preg_replace function(http://www.php.net/manual/en/function.preg-replace.php). E.g. "\'pattern\', \'replacement\'" . You can define more than one replace rule on each line.';
$helptxt['tp_app_banner_msg'] = 'E.g. "Follow {your_forum_name} with {app_name} for [os_platform]". Do not change the [os_platform] tag as it is displayed dynamically based on user\'s device platform.';
$helptxt['tp_app_ios_id'] = 'Enter your product ID in Apple App Store, to be used on iPhone device';
$helptxt['tp_android_url'] = 'Enter your BYO App ID from Google Play, to be used on Android device. E.g. "com.quoord.tapatalkpro.activity"';
$helptxt['tp_kf_url'] = 'Enter your BYO App URL from Amazon App Store, to be used on Kindle Fire device. E.g. "http://www.amazon.com/gp/mas/dl/android?p=com.quoord.tapatalkpro.activity"';
$helptxt['tp_ol_icon_path'] = 'Mobile Online Icon appears on Who\'s Online page to indicate member using Tapatalk app';
$helptxt['tp_ol_icon_link'] = 'Target URL when icon is clicked';
$helptxt['tp_ol_icon_desc'] = 'Mobile Online Icon Title appears on Who\'s Online page to indicate member using Tapatalk app';
$helptxt['tp_push_notifications'] = 'Basic Message - Do not include post content and images preview in Push Notifications<br />
Rich Message - Includes post content and images preview in Push Notifications';
//Tapatalk IAR
$helptxt['tp_iar_registration_options'] = 'Verified Tapatalk users signed in from Facebook, Google or verified email address can register your forum natively in-app. Addition custom fields are also supported, although we strongly recommend to keep the custom fields to absolute minimal to make registration easier on mobile.';
$helptxt['tp_iar_usergroup_assignment'] = 'You can assign users registered with Tapatalk to specific user groups. If you do not assign them to a specific group, they will be assigned a default group.';
$helptxt['tp_iar_spam_prevention'] = 'By enabling StopForumSpam integration, new user registration from Tapatalk app and/or from web will be screened with StopForumSpam database to prevent existing black-listed spammers.';
$helptxt['auto_approval_tp_user'] = 'Automatically Approve Verified Tapatalk Members.';
//Tapatalk ends
$helptxt['tp_full_banner'] = '';
$helptxt['tp_google_indexing_enabled'] = 'Deep-Linking Thread from Google Search Result.';
$helptxt['tp_facebook_indexing_enabled'] = 'Deep-Linking Thread from Link in Facebook App.';
$helptxt['tp_twitter_indexing_enabled'] = 'Deep-Linking Thread from Link in Twitter App.';

]]></add>
        </operation>
    </file>

    <file name="$themedir/languages/Who.english.php">
        <operation>
            <search position="after"><![CDATA[$txt['translation_credits'] = array();]]></search>
            <add><![CDATA[$txt['on_tapatalk'] = 'On Tapatalk';
$txt['on_byo'] = 'On App Of This Forum';]]></add>
        </operation>
    </file>

    <file name="$sourcedir/ModerationCenter.php">
        <operation>
            <search position="before"><![CDATA[			'time_started' => timeformat($row['time_started']),
			'last_updated' => timeformat($row['time_updated']),]]></search>
            <add><![CDATA[
			'timestamp_started' => $row['time_started'],]]></add>
        </operation>
    </file>
    <file name="$themedir/Who.template.php">
        <operation>
            <search position="replace"><![CDATA[global $context, $settings, $options, $scripturl, $txt;]]></search>
            <add><![CDATA[global $context, $settings, $options, $scripturl, $txt, $boardurl, $modSettings;]]></add>
        </operation>
        <operation>
            <search position="replace"><![CDATA[<span class="contact_info floatright">]]></search>
            <add><![CDATA[<span class="contact_info floatright">'.((strpos($member['query']['USER_AGENT'], 'Tapatalk') !== false || strpos($member['query']['USER_AGENT'], 'BYO') !== false )? '<img align="bottom" alt="Online" src="'.$boardurl. '/mobiquo/forum_icons/online.png" />
' : '').']]></add>
        </operation>
    </file>
    <file name="$themedir/Admin.template.php">
        <operation>
            <search position="replace"><![CDATA[					echo '
							<textarea rows="', ($config_var['size'] ? $config_var['size'] : 4), '" cols="30" ', $javascript, $disabled, ' name="', $config_var['name'], '" id="', $config_var['name'], '">', $config_var['value'], '</textarea>';]]></search>
            <add><![CDATA[					echo '
							<textarea rows="', ($config_var['size'] ? $config_var['size'] : 4), '" cols="',(isset($config_var['cols']) && intval($config_var['cols']) ? intval($config_var['cols']) : 30),'" ', $javascript, $disabled, ' name="', $config_var['name'], '" id="', $config_var['name'], '">', $config_var['value'], '</textarea>';]]></add>
        </operation>
    </file>
    <file name="$sourcedir/Subs-Members.php">
        <operation>
            <search position="replace"><![CDATA[		is_not_guest();
		isAllowedTo('moderate_forum');]]></search>
            <add><![CDATA[		if(!defined('mobi_register'))
		{
			is_not_guest();
			isAllowedTo('moderate_forum');
		}]]></add>
        </operation>
    </file>
    <file name="$sourcedir/Profile-View.php">
        <operation>
            <search position="replace"><![CDATA[	$looped = false;
	while (true)]]></search>
            <add><![CDATA[	$looped = false;
	/* tapatalk 20140117 1 begin */
	if (defined('IN_MOBIQUO') && IN_MOBIQUO && (ExttMbqBase::$requestName == 'search') && (ExttMbqBase::$otherParameters['search_filter']['userid'] || ExttMbqBase::$otherParameters['search_filter']['searchuser'])) {
	    //only used for search method,and works like get_user_reply_post or get_user_topic
		$context['exttMbqTotal'] = $msgCount;
		$context['exttMbqSearchId'] = ExttMbqBase::$otherParameters['searchid'];
		$start = ExttMbqBase::$oMbqDataPage->startNum;
		$maxIndex = ExttMbqBase::$oMbqDataPage->numPerPage;
	}
	/* tapatalk 20140117 1 end */
	while (true)]]></add>
        </operation>
        <operation>
            <search position="replace"><![CDATA[	$context['posts'] = array();
	$board_ids = array('own' => array(), 'any' => array());]]></search>
            <add><![CDATA[	$context['posts'] = array();
	/* tapatalk 20140117 2 begin */
	if (defined('IN_MOBIQUO') && IN_MOBIQUO && (ExttMbqBase::$requestName == 'search') && (ExttMbqBase::$otherParameters['search_filter']['userid'] || ExttMbqBase::$otherParameters['search_filter']['searchuser'])) {
		//only used for search method,and works like get_user_reply_post or get_user_topic
		$context['exttMbqRecords'] = & $context['posts'];
	}
	/* tapatalk 20140117 2 end */
	$board_ids = array('own' => array(), 'any' => array());]]></add>
        </operation>
    </file>
    <file name="$sourcedir/Register.php">
        <operation>
            <search position="replace"><![CDATA[	// Include the additional options that might have been filled in.]]></search>
            <add><![CDATA[	// Include the additional options that might have been filled in.
	/* tapatalk 20140330 begin */
	//Spam Prevention
	require_once($sourcedir . '/Subs-Tapatalk.php');
	$tp_iar_spam_prevention = isset($modSettings['tp_iar_spam_prevention']) ? $modSettings['tp_iar_spam_prevention'] : 1;
	if ($tp_iar_spam_prevention == 2 || $tp_iar_spam_prevention == 3) {
		if (exttmbq_is_spam($_POST['email'], exttMbqGetIP())) {
			fatal_error('Sorry, can not register new user with spam info.');
		}
	}
	/* tapatalk 20140330 end */]]></add>
        </operation>
    </file>
</modification>